band,mean,std
dem,248.5048182919811,513.1216485777844401
