band,mean,std
dem,255.01604701290282,498.23004699340030818
