band,mean,std
dem,247.679714971235,474.33803227690029009
