band,mean,std
dem,229.11461058850622,418.56654104660717242
