band,mean,std
dem,253.51015998761827,485.0068063763759106
