band,mean,std
dem,227.02674598725193,399.68075465951754838
