band,mean,std
dem,231.82838420797847,477.97291296150940693
