band,mean,std
dem,234.7283410169516,414.40556637698192782
