band,mean,std
dem,271.60794909992546,524.071455313514596
