band,mean,std
dem,230.3656726971056,411.76842247599267444
