band,mean,std
mean_2m_air_temperature,231.50538424602388,110.457046401684432155
minimum_2m_air_temperature,230.25274718473213,109.00366092108071939
maximum_2m_air_temperature,231.52035512464667,114.53701932493580653
dewpoint_2m_temperature,229.79128563935646,104.08226646612196204
total_precipitation,-0.114655188588114,0.24046422816001354534
surface_pressure,67231.95881578667,63869.72575824278048
mean_sea_level_pressure,96529.5694838779,9581.8058712705425375
u_component_of_wind_10m,-19.698175234679034,40.081586494008420666
v_component_of_wind_10m,-18.44741756044071,37.39981290551425642
