band,mean,std
mean_2m_air_temperature,25.716047145447448,81.55373237202144401
minimum_2m_air_temperature,25.576523363653443,80.983692576220236675
maximum_2m_air_temperature,25.71945318904122,82.181753983630377515
dewpoint_2m_temperature,25.52678405371179,80.129097065483436906
total_precipitation,-0.01278451078060493,0.08819324155224506627
surface_pressure,7470.885839850452,29992.971446602883772
mean_sea_level_pressure,10725.743059122708,30504.443114645058765
u_component_of_wind_10m,-2.185685547257296,14.70986859801031766
v_component_of_wind_10m,-2.046822156933398,13.730175856508507494
