band,mean,std
VV,0.163679576519374,1.8145326898261868315
VH,0.03216510570999511,0.17796480837779858898
