band,mean,std
VV,0.16164712178278431,1.4815228961713278299
VH,0.03181896410234011,0.15935179205360852058
