band,mean,std
VV,0.16261103143662775,1.7262852496469815614
VH,0.03172078091700616,0.16588696556821328477
