band,mean,std
VV,0.15674729827157718,1.6674179936585784964
VH,0.031368151995360194,0.16390751873060664533
