band,mean,std
VV,0.1523353913578637,1.6352507584172609315
VH,0.030703711392886388,0.14280673449921499877
